{"nm":"Graphic Design Icon - Animation Portfolio","ddd":0,"h":600,"w":800,"meta":{"a":"Ision Industries","d":"Graphic Design Icon","g":"LottieFiles AE 0.1.20"},"layers":[{"ty":4,"nm":"Pen Tool Symbol Outlines 2","sr":1,"st":8,"op":176,"ip":0,"hd":false,"ddd":0,"bm":0,"hasMask":false,"ao":0,"ks":{"a":{"a":0,"k":[102.276,8.158,0],"ix":1},"s":{"a":1,"k":[{"o":{"x":0.591,"y":0},"i":{"x":0.833,"y":1},"s":[107.1,107.1,100],"t":0},{"o":{"x":1,"y":0},"i":{"x":0.667,"y":1},"s":[21.42,21.42,100],"t":24},{"o":{"x":0.167,"y":0.167},"i":{"x":0.833,"y":0.833},"s":[16.422,16.422,100],"t":34},{"o":{"x":0.333,"y":0},"i":{"x":0,"y":1},"s":[16.422,16.422,100],"t":66},{"o":{"x":0.333,"y":0},"i":{"x":0,"y":1},"s":[21.42,21.42,100],"t":76},{"o":{"x":0.167,"y":0.167},"i":{"x":0.833,"y":0.833},"s":[16.422,16.422,100],"t":86},{"o":{"x":0.333,"y":0},"i":{"x":0,"y":1},"s":[16.422,16.422,100],"t":130},{"s":[107.1,107.1,100],"t":147}],"ix":6},"sk":{"a":0,"k":0},"p":{"s":true,"x":{"a":1,"k":[{"o":{"x":1,"y":0},"i":{"x":0,"y":1},"s":[397.177],"t":46},{"o":{"x":0.333,"y":0},"i":{"x":0,"y":1},"s":[647.077],"t":66},{"o":{"x":0.167,"y":0},"i":{"x":0.833,"y":1},"s":[397.177],"t":76},{"o":{"x":1,"y":0},"i":{"x":0,"y":1},"s":[397.177],"t":113},{"o":{"x":0.333,"y":0},"i":{"x":0,"y":1},"s":[647.97],"t":130},{"s":[396.43],"t":147}],"ix":3},"y":{"a":1,"k":[{"o":{"x":0.59,"y":0.002},"i":{"x":0.49,"y":1},"s":[190.163],"t":0},{"o":{"x":0.015,"y":-4.857},"i":{"x":0.833,"y":1},"s":[385.323],"t":24},{"o":{"x":1,"y":0},"i":{"x":0,"y":1},"s":[385.323],"t":100},{"o":{"x":0.167,"y":0},"i":{"x":0,"y":1},"s":[105.673],"t":113},{"o":{"x":0.333,"y":0},"i":{"x":0,"y":1},"s":[106.863],"t":130},{"s":[191.042],"t":147}],"ix":4},"z":{"a":0,"k":0}},"r":{"a":1,"k":[{"o":{"x":0.758,"y":0},"i":{"x":0.322,"y":1},"s":[0],"t":0},{"o":{"x":0.333,"y":0},"i":{"x":0.667,"y":1},"s":[-45],"t":24},{"o":{"x":0.333,"y":0},"i":{"x":0,"y":1},"s":[-45],"t":130},{"s":[0],"t":147}],"ix":10},"sa":{"a":0,"k":0},"o":{"a":0,"k":100,"ix":11}},"ef":[],"shapes":[{"ty":"gr","bm":0,"hd":false,"mn":"ADBE Vector Group","nm":"Group 1","ix":1,"cix":2,"np":2,"it":[{"ty":"sh","bm":0,"hd":false,"mn":"ADBE Vector Shape - Group","nm":"Path 1","ix":1,"d":1,"ks":{"a":0,"k":{"c":true,"i":[[2.374,0],[0,0],[0,2.374],[0,0],[-2.373,0],[0,0],[0,-2.374],[0,0]],"o":[[0,0],[-2.373,0],[0,0],[0,-2.374],[0,0],[2.374,0],[0,0],[0,2.374]],"v":[[41.685,17.217],[-41.686,17.217],[-45.982,12.919],[-45.982,-12.919],[-41.686,-17.217],[41.685,-17.217],[45.982,-12.919],[45.982,12.919]]},"ix":2}},{"ty":"fl","bm":0,"hd":false,"mn":"ADBE Vector Graphic - Fill","nm":"Fill 1","c":{"a":0,"k":[1,1,1],"ix":4},"r":1,"o":{"a":0,"k":100,"ix":5}},{"ty":"tr","a":{"a":0,"k":[0,0],"ix":1},"s":{"a":0,"k":[100,100],"ix":3},"sk":{"a":0,"k":0,"ix":4},"p":{"a":0,"k":[106.859,291.425],"ix":2},"r":{"a":0,"k":0,"ix":6},"sa":{"a":0,"k":0,"ix":5},"o":{"a":0,"k":100,"ix":7}}]},{"ty":"gr","bm":0,"hd":false,"mn":"ADBE Vector Group","nm":"Group 2","ix":2,"cix":2,"np":2,"it":[{"ty":"sh","bm":0,"hd":false,"mn":"ADBE Vector Shape - Group","nm":"Path 1","ix":1,"d":1,"ks":{"a":0,"k":{"c":true,"i":[[2.943,-3.771],[0,0],[1.615,0],[0,0],[0.994,1.271],[0,0],[-1.949,4.364],[0,0],[-1.473,0],[0,0],[-0.001,-2.063],[0,0],[-1.058,-12.65],[-12.676,-0.797],[0,14.865],[10.65,3.221],[0,0],[-2.064,0],[0,0],[-0.603,-1.341],[0,0]],"o":[[0,0],[-0.994,1.274],[0,0],[-1.613,0],[0,0],[-2.944,-3.764],[0,0],[0.601,-1.345],[0,0],[2.063,0],[0,0],[-11.322,3.423],[1.059,12.657],[15.058,0.947],[0,-11.699],[0,0],[-0.001,-2.064],[0,0],[1.47,0],[0,0],[1.963,4.365]],"v":[[101.878,60.342],[47.799,129.641],[43.664,131.66],[-43.52,131.66],[-47.651,129.646],[-101.87,60.329],[-103.487,47.118],[-24.575,-129.449],[-21.164,-131.66],[-11.321,-131.66],[-7.584,-127.925],[-7.506,15.09],[-25.803,42.112],[-1.67,65.738],[25.903,39.88],[7.494,15.079],[7.416,-127.921],[11.152,-131.66],[20.648,-131.66],[24.055,-129.456],[103.473,47.115]]},"ix":2}},{"ty":"fl","bm":0,"hd":false,"mn":"ADBE Vector Graphic - Fill","nm":"Fill 1","c":{"a":0,"k":[1,1,1],"ix":4},"r":1,"o":{"a":0,"k":100,"ix":5}},{"ty":"tr","a":{"a":0,"k":[0,0],"ix":1},"s":{"a":0,"k":[100,100],"ix":3},"sk":{"a":0,"k":0,"ix":4},"p":{"a":0,"k":[105.686,131.91],"ix":2},"r":{"a":0,"k":0,"ix":6},"sa":{"a":0,"k":0,"ix":5},"o":{"a":0,"k":100,"ix":7}}]}],"ind":1},{"ty":4,"nm":"Curve Handle Line","sr":1,"st":58,"op":176,"ip":115,"hd":false,"ddd":0,"bm":0,"hasMask":false,"ao":0,"ks":{"a":{"a":0,"k":[213.921,3.5,0],"ix":1},"s":{"a":1,"k":[{"o":{"x":1,"y":0},"i":{"x":0,"y":1},"s":[0,119,100],"t":115},{"o":{"x":0.167,"y":0.167},"i":{"x":0.833,"y":0.833},"s":[119,119,100],"t":130},{"o":{"x":1,"y":0},"i":{"x":0,"y":1},"s":[119,119,100],"t":150.285},{"s":[0,119,100],"t":176}],"ix":6},"sk":{"a":0,"k":0},"p":{"a":0,"k":[399.918,109.187,0],"ix":2},"r":{"a":0,"k":0,"ix":10},"sa":{"a":0,"k":0},"o":{"a":0,"k":100,"ix":11}},"ef":[],"shapes":[{"ty":"gr","bm":0,"hd":false,"mn":"ADBE Vector Group","nm":"Group 1","ix":1,"cix":2,"np":2,"it":[{"ty":"sh","bm":0,"hd":false,"mn":"ADBE Vector Shape - Group","nm":"Path 1","ix":1,"d":1,"ks":{"a":0,"k":{"c":false,"i":[[0,0],[0,0]],"o":[[0,0],[0,0]],"v":[[3.5,3.5],[424.341,3.5]]},"ix":2}},{"ty":"st","bm":0,"hd":false,"mn":"ADBE Vector Graphic - Stroke","nm":"Stroke 1","lc":1,"lj":1,"ml":10,"o":{"a":0,"k":100,"ix":4},"w":{"a":0,"k":8,"ix":5},"c":{"a":0,"k":[1,1,1],"ix":3}},{"ty":"tr","a":{"a":0,"k":[0,0],"ix":1},"s":{"a":0,"k":[100,100],"ix":3},"sk":{"a":0,"k":0,"ix":4},"p":{"a":0,"k":[0,0],"ix":2},"r":{"a":0,"k":0,"ix":6},"sa":{"a":0,"k":0,"ix":5},"o":{"a":0,"k":100,"ix":7}}]}],"ind":2},{"ty":4,"nm":"Right Circle","sr":1,"st":58,"op":176,"ip":115,"hd":false,"ddd":0,"bm":0,"hasMask":false,"ao":0,"ks":{"a":{"a":0,"k":[19.197,19.198,0],"ix":1},"s":{"a":1,"k":[{"o":{"x":1,"y":-0.928},"i":{"x":0,"y":1},"s":[70.21,70.21,100],"t":150.285},{"s":[0,0,100],"t":176}],"ix":6},"sk":{"a":0,"k":0},"p":{"a":1,"k":[{"o":{"x":1,"y":0},"i":{"x":0,"y":1},"s":[405.178,109.187,0],"t":115,"ti":[0,0,0],"to":[0,0,0]},{"s":[650.318,109.187,0],"t":130}],"ix":2},"r":{"a":0,"k":0,"ix":10},"sa":{"a":0,"k":0},"o":{"a":0,"k":100,"ix":11}},"ef":[],"shapes":[{"ty":"gr","bm":0,"hd":false,"mn":"ADBE Vector Group","nm":"Group 1","ix":1,"cix":2,"np":2,"it":[{"ty":"sh","bm":0,"hd":false,"mn":"ADBE Vector Shape - Group","nm":"Path 1","ix":1,"d":1,"ks":{"a":0,"k":{"c":true,"i":[[10.464,0],[0,0],[0,10.464],[-10.465,0],[0,-10.465]],"o":[[0,0],[-10.465,0],[0,-10.465],[10.464,0],[0,10.464]],"v":[[0,18.947],[0,18.947],[-18.947,0.001],[0,-18.947],[18.947,0.001]]},"ix":2}},{"ty":"fl","bm":0,"hd":false,"mn":"ADBE Vector Graphic - Fill","nm":"Fill 1","c":{"a":0,"k":[1,1,1],"ix":4},"r":1,"o":{"a":0,"k":100,"ix":5}},{"ty":"tr","a":{"a":0,"k":[0,0],"ix":1},"s":{"a":0,"k":[100,100],"ix":3},"sk":{"a":0,"k":0,"ix":4},"p":{"a":0,"k":[19.197,19.198],"ix":2},"r":{"a":0,"k":0,"ix":6},"sa":{"a":0,"k":0,"ix":5},"o":{"a":0,"k":100,"ix":7}}]}],"ind":3},{"ty":4,"nm":"Left Circle","sr":1,"st":58,"op":176,"ip":115,"hd":false,"ddd":0,"bm":0,"hasMask":false,"ao":0,"ks":{"a":{"a":0,"k":[19.198,19.198,0],"ix":1},"s":{"a":1,"k":[{"o":{"x":1,"y":-0.928},"i":{"x":0,"y":1},"s":[70.21,70.21,100],"t":150.285},{"s":[0,0,100],"t":176}],"ix":6},"sk":{"a":0,"k":0},"p":{"a":1,"k":[{"o":{"x":1,"y":0},"i":{"x":0,"y":1},"s":[392.278,109.187,0],"t":115,"ti":[0,0,0],"to":[0,0,0]},{"s":[149.518,109.187,0],"t":130}],"ix":2},"r":{"a":0,"k":0,"ix":10},"sa":{"a":0,"k":0},"o":{"a":0,"k":100,"ix":11}},"ef":[],"shapes":[{"ty":"gr","bm":0,"hd":false,"mn":"ADBE Vector Group","nm":"Group 1","ix":1,"cix":2,"np":2,"it":[{"ty":"sh","bm":0,"hd":false,"mn":"ADBE Vector Shape - Group","nm":"Path 1","ix":1,"d":1,"ks":{"a":0,"k":{"c":true,"i":[[10.464,0],[0,0],[0,10.464],[-10.464,0],[0,-10.465]],"o":[[0,0],[-10.464,0],[0,-10.465],[10.464,0],[0,10.464]],"v":[[-0.001,18.947],[-0.001,18.947],[-18.947,0.001],[-0.001,-18.947],[18.947,0.001]]},"ix":2}},{"ty":"fl","bm":0,"hd":false,"mn":"ADBE Vector Graphic - Fill","nm":"Fill 1","c":{"a":0,"k":[1,1,1],"ix":4},"r":1,"o":{"a":0,"k":100,"ix":5}},{"ty":"tr","a":{"a":0,"k":[0,0],"ix":1},"s":{"a":0,"k":[100,100],"ix":3},"sk":{"a":0,"k":0,"ix":4},"p":{"a":0,"k":[19.198,19.198],"ix":2},"r":{"a":0,"k":0,"ix":6},"sa":{"a":0,"k":0,"ix":5},"o":{"a":0,"k":100,"ix":7}}]}],"ind":4},{"ty":4,"nm":"Curved Line 2","sr":1,"st":58,"op":176,"ip":149,"hd":false,"ddd":0,"bm":0,"hasMask":false,"ao":0,"ks":{"a":{"a":0,"k":[227.851,248.966,0],"ix":1},"s":{"a":0,"k":[119,119,100],"ix":6},"sk":{"a":0,"k":0},"p":{"a":0,"k":[399.835,384.631,0],"ix":2},"r":{"a":0,"k":0,"ix":10},"sa":{"a":0,"k":0},"o":{"a":0,"k":100,"ix":11}},"ef":[],"shapes":[{"ty":"gr","bm":0,"hd":false,"mn":"ADBE Vector Group","nm":"Group 1","ix":1,"cix":2,"np":3,"it":[{"ty":"sh","bm":0,"hd":false,"mn":"ADBE Vector Shape - Group","nm":"Path 1","ix":1,"d":1,"ks":{"a":0,"k":{"c":false,"i":[[0,0],[-210.421,0],[0,0]],"o":[[0,0],[210.42,0],[0,0]],"v":[[-210.49,107.247],[0.001,-106.247],[210.351,107.247]]},"ix":2}},{"ty":"st","bm":0,"hd":false,"mn":"ADBE Vector Graphic - Stroke","nm":"Stroke 1","lc":1,"lj":1,"ml":10,"o":{"a":0,"k":100,"ix":4},"w":{"a":0,"k":8,"ix":5},"c":{"a":0,"k":[1,1,1],"ix":3}},{"ty":"tm","bm":0,"hd":false,"mn":"ADBE Vector Filter - Trim","nm":"Trim Paths 1","ix":3,"e":{"a":0,"k":50,"ix":2},"o":{"a":0,"k":0,"ix":3},"s":{"a":1,"k":[{"o":{"x":1,"y":0},"i":{"x":0,"y":1},"s":[100],"t":150.285},{"s":[50],"t":176}],"ix":1},"m":1},{"ty":"tr","a":{"a":0,"k":[0,0],"ix":1},"s":{"a":0,"k":[100,100],"ix":3},"sk":{"a":0,"k":0,"ix":4},"p":{"a":0,"k":[227.921,123.747],"ix":2},"r":{"a":0,"k":0,"ix":6},"sa":{"a":0,"k":0,"ix":5},"o":{"a":0,"k":100,"ix":7}}]}],"ind":5},{"ty":4,"nm":"Curved Line","sr":1,"st":58,"op":176,"ip":45,"hd":false,"ddd":0,"bm":0,"hasMask":false,"ao":0,"ks":{"a":{"a":0,"k":[227.851,248.966,0],"ix":1},"s":{"a":1,"k":[{"o":{"x":1,"y":0},"i":{"x":0,"y":1},"s":[0,119,100],"t":46},{"s":[119,119,100],"t":66}],"ix":6},"sk":{"a":0,"k":0},"p":{"a":0,"k":[399.835,384.631,0],"ix":2},"r":{"a":0,"k":0,"ix":10},"sa":{"a":0,"k":0},"o":{"a":0,"k":100,"ix":11}},"ef":[],"shapes":[{"ty":"gr","bm":0,"hd":false,"mn":"ADBE Vector Group","nm":"Group 1","ix":1,"cix":2,"np":3,"it":[{"ty":"sh","bm":0,"hd":false,"mn":"ADBE Vector Shape - Group","nm":"Path 1","ix":1,"d":1,"ks":{"a":1,"k":[{"o":{"x":1,"y":0},"i":{"x":0,"y":1},"s":[{"c":false,"i":[[0,0],[0,0],[0,0]],"o":[[0,0],[0,0],[0,0]],"v":[[-210.49,125.247],[0.014,125.191],[210.351,125.247]]}],"t":100},{"o":{"x":0.333,"y":0},"i":{"x":0.667,"y":1},"s":[{"c":false,"i":[[0,0],[1.069,-0.006],[0,0]],"o":[[0,0],[0.569,-0.006],[0,0]],"v":[[-210.331,108.747],[0.001,-106.247],[210.51,108.747]]}],"t":113},{"o":{"x":1,"y":0},"i":{"x":0,"y":1},"s":[{"c":false,"i":[[0,0],[1.069,-0.006],[0,0]],"o":[[0,0],[0.569,-0.006],[0,0]],"v":[[-210.331,108.747],[0.001,-106.247],[210.51,108.747]]}],"t":115},{"s":[{"c":false,"i":[[0,0],[-210.421,0],[0,0]],"o":[[0,0],[210.42,0],[0,0]],"v":[[-210.49,107.247],[0.001,-106.247],[210.351,107.247]]}],"t":130}],"ix":2}},{"ty":"st","bm":0,"hd":false,"mn":"ADBE Vector Graphic - Stroke","nm":"Stroke 1","lc":1,"lj":1,"ml":10,"o":{"a":0,"k":100,"ix":4},"w":{"a":0,"k":8,"ix":5},"c":{"a":0,"k":[1,1,1],"ix":3}},{"ty":"tm","bm":0,"hd":false,"mn":"ADBE Vector Filter - Trim","nm":"Trim Paths 1","ix":3,"e":{"a":1,"k":[{"o":{"x":0.167,"y":0.167},"i":{"x":0.833,"y":0.833},"s":[100],"t":149},{"s":[50],"t":150}],"ix":2},"o":{"a":0,"k":0,"ix":3},"s":{"a":1,"k":[{"o":{"x":1,"y":0},"i":{"x":0,"y":1},"s":[0],"t":150.285},{"s":[50],"t":176}],"ix":1},"m":1},{"ty":"tr","a":{"a":0,"k":[0,0],"ix":1},"s":{"a":0,"k":[100,100],"ix":3},"sk":{"a":0,"k":0,"ix":4},"p":{"a":0,"k":[227.921,123.747],"ix":2},"r":{"a":0,"k":0,"ix":6},"sa":{"a":0,"k":0,"ix":5},"o":{"a":0,"k":100,"ix":7}}]}],"ind":6},{"ty":4,"nm":"Top Square","sr":1,"st":58,"op":176,"ip":82,"hd":false,"ddd":0,"bm":0,"hasMask":false,"ao":0,"ks":{"a":{"a":0,"k":[19.197,19.197,0],"ix":1},"s":{"a":1,"k":[{"o":{"x":0.333,"y":0},"i":{"x":0,"y":1.346},"s":[0,0,100],"t":82},{"o":{"x":0.167,"y":0.167},"i":{"x":0.833,"y":0.833},"s":[119,119,100],"t":97},{"o":{"x":1,"y":-0.547},"i":{"x":0,"y":1},"s":[119,119,100],"t":150.285},{"s":[0,0,100],"t":176}],"ix":6},"sk":{"a":0,"k":0},"p":{"a":1,"k":[{"o":{"x":1,"y":0},"i":{"x":0,"y":1},"s":[399.918,384.553,0],"t":100,"ti":[0,0,0],"to":[0,0,0]},{"s":[399.918,109.188,0],"t":113}],"ix":2},"r":{"a":0,"k":0,"ix":10},"sa":{"a":0,"k":0},"o":{"a":0,"k":100,"ix":11}},"ef":[],"shapes":[{"ty":"gr","bm":0,"hd":false,"mn":"ADBE Vector Group","nm":"Group 1","ix":1,"cix":2,"np":4,"it":[{"ty":"sh","bm":0,"hd":false,"mn":"ADBE Vector Shape - Group","nm":"Path 1","ix":1,"d":1,"ks":{"a":0,"k":{"c":true,"i":[[0,0],[0,0],[0,0],[0,0]],"o":[[0,0],[0,0],[0,0],[0,0]],"v":[[18.947,-18.947],[-18.947,-18.947],[-18.947,18.947],[18.947,18.947]]},"ix":2}},{"ty":"mm","bm":0,"hd":false,"mn":"ADBE Vector Filter - Merge","nm":"Merge Paths 1","mm":1},{"ty":"fl","bm":0,"hd":false,"mn":"ADBE Vector Graphic - Fill","nm":"Fill 1","c":{"a":0,"k":[1,1,1],"ix":4},"r":1,"o":{"a":0,"k":100,"ix":5}},{"ty":"tr","a":{"a":0,"k":[0,0],"ix":1},"s":{"a":0,"k":[100,100],"ix":3},"sk":{"a":0,"k":0,"ix":4},"p":{"a":0,"k":[19.197,19.197],"ix":2},"r":{"a":0,"k":0,"ix":6},"sa":{"a":0,"k":0,"ix":5},"o":{"a":0,"k":100,"ix":7}}]}],"ind":7},{"ty":4,"nm":"Right Square","sr":1,"st":58,"op":176,"ip":9,"hd":false,"ddd":0,"bm":0,"hasMask":false,"ao":0,"ks":{"a":{"a":0,"k":[19.197,19.198,0],"ix":1},"s":{"a":1,"k":[{"o":{"x":1,"y":0},"i":{"x":0,"y":1.293},"s":[0,0,100],"t":26},{"o":{"x":0.167,"y":0.167},"i":{"x":0.833,"y":0.833},"s":[119,119,100],"t":46},{"o":{"x":1,"y":-0.547},"i":{"x":0,"y":1},"s":[119,119,100],"t":149},{"s":[0,0,100],"t":174.71484375}],"ix":6},"sk":{"a":0,"k":0},"p":{"s":true,"x":{"a":1,"k":[{"o":{"x":1,"y":0},"i":{"x":0,"y":1},"s":[400],"t":46},{"s":[650.318],"t":66}],"ix":3},"y":{"a":0,"k":384.58,"ix":4},"z":{"a":0,"k":0}},"r":{"a":1,"k":[{"o":{"x":1,"y":0},"i":{"x":0,"y":1.222},"s":[-100],"t":26},{"s":[0],"t":46}],"ix":10},"sa":{"a":0,"k":0},"o":{"a":0,"k":100,"ix":11}},"ef":[],"shapes":[{"ty":"gr","bm":0,"hd":false,"mn":"ADBE Vector Group","nm":"Group 1","ix":1,"cix":2,"np":4,"it":[{"ty":"sh","bm":0,"hd":false,"mn":"ADBE Vector Shape - Group","nm":"Path 1","ix":1,"d":1,"ks":{"a":0,"k":{"c":true,"i":[[0,0],[0,0],[0,0],[0,0]],"o":[[0,0],[0,0],[0,0],[0,0]],"v":[[18.947,-18.948],[-18.947,-18.948],[-18.947,18.948],[18.947,18.948]]},"ix":2}},{"ty":"mm","bm":0,"hd":false,"mn":"ADBE Vector Filter - Merge","nm":"Merge Paths 1","mm":1},{"ty":"fl","bm":0,"hd":false,"mn":"ADBE Vector Graphic - Fill","nm":"Fill 1","c":{"a":0,"k":[1,1,1],"ix":4},"r":1,"o":{"a":0,"k":100,"ix":5}},{"ty":"tr","a":{"a":0,"k":[0,0],"ix":1},"s":{"a":0,"k":[100,100],"ix":3},"sk":{"a":0,"k":0,"ix":4},"p":{"a":0,"k":[19.197,19.198],"ix":2},"r":{"a":0,"k":0,"ix":6},"sa":{"a":0,"k":0,"ix":5},"o":{"a":0,"k":100,"ix":7}}]}],"ind":8},{"ty":4,"nm":"Left Square","sr":1,"st":58,"op":176,"ip":9,"hd":false,"ddd":0,"bm":0,"hasMask":false,"ao":0,"ks":{"a":{"a":0,"k":[19.198,19.198,0],"ix":1},"s":{"a":1,"k":[{"o":{"x":1,"y":0},"i":{"x":0,"y":1.293},"s":[0,0,100],"t":26},{"o":{"x":0.167,"y":0.167},"i":{"x":0.833,"y":0.833},"s":[119,119,100],"t":46},{"o":{"x":1,"y":-0.547},"i":{"x":0,"y":1},"s":[119,119,100],"t":150.285},{"s":[0,0,100],"t":176}],"ix":6},"sk":{"a":0,"k":0},"p":{"s":true,"x":{"a":1,"k":[{"o":{"x":1,"y":0},"i":{"x":0,"y":1},"s":[400],"t":46},{"s":[149.517],"t":66}],"ix":3},"y":{"a":0,"k":384.58,"ix":4},"z":{"a":0,"k":0}},"r":{"a":1,"k":[{"o":{"x":1,"y":0},"i":{"x":0,"y":1.222},"s":[-100],"t":26},{"s":[0],"t":46}],"ix":10},"sa":{"a":0,"k":0},"o":{"a":0,"k":100,"ix":11}},"ef":[],"shapes":[{"ty":"gr","bm":0,"hd":false,"mn":"ADBE Vector Group","nm":"Group 1","ix":1,"cix":2,"np":4,"it":[{"ty":"sh","bm":0,"hd":false,"mn":"ADBE Vector Shape - Group","nm":"Path 1","ix":1,"d":1,"ks":{"a":0,"k":{"c":true,"i":[[0,0],[0,0],[0,0],[0,0]],"o":[[0,0],[0,0],[0,0],[0,0]],"v":[[18.947,-18.948],[-18.947,-18.948],[-18.947,18.948],[18.947,18.948]]},"ix":2}},{"ty":"mm","bm":0,"hd":false,"mn":"ADBE Vector Filter - Merge","nm":"Merge Paths 1","mm":1},{"ty":"fl","bm":0,"hd":false,"mn":"ADBE Vector Graphic - Fill","nm":"Fill 1","c":{"a":0,"k":[1,1,1],"ix":4},"r":1,"o":{"a":0,"k":100,"ix":5}},{"ty":"tr","a":{"a":0,"k":[0,0],"ix":1},"s":{"a":0,"k":[100,100],"ix":3},"sk":{"a":0,"k":0,"ix":4},"p":{"a":0,"k":[19.197,19.198],"ix":2},"r":{"a":0,"k":0,"ix":6},"sa":{"a":0,"k":0,"ix":5},"o":{"a":0,"k":100,"ix":7}}]}],"ind":9}],"v":"5.5.7","fr":60,"op":176,"ip":0,"assets":[]}