{"nm":"Loading","ddd":0,"h":750,"w":750,"meta":{"g":"@lottiefiles/toolkit-js 0.33.2"},"layers":[{"ty":4,"nm":"detail body Outlines","sr":1,"st":0,"op":150,"ip":0,"hd":false,"ddd":0,"bm":0,"hasMask":false,"ao":0,"ks":{"a":{"a":0,"k":[40.578,26.94,0]},"s":{"a":0,"k":[100,100,100]},"sk":{"a":0,"k":0},"p":{"a":0,"k":[274.434,569.716,0]},"r":{"a":0,"k":0},"sa":{"a":0,"k":0},"o":{"a":0,"k":100}},"ef":[],"shapes":[{"ty":"gr","bm":0,"hd":false,"mn":"ADBE Vector Group","nm":"Group 1","ix":1,"cix":2,"np":3,"it":[{"ty":"sh","bm":0,"hd":false,"mn":"ADBE Vector Shape - Group","nm":"Path 1","ix":1,"d":1,"ks":{"a":0,"k":{"c":true,"i":[[3.476,0],[0,0],[0,3.477],[0,0],[-3.476,0],[0,0],[0,-3.476],[0,0]],"o":[[0,0],[-3.476,0],[0,0],[0,-3.476],[0,0],[3.476,0],[0,0],[0,3.477]],"v":[[16.784,9.441],[-16.783,9.441],[-23.077,3.147],[-23.077,-3.146],[-16.783,-9.441],[16.784,-9.441],[23.077,-3.146],[23.077,3.147]]}}},{"ty":"st","bm":0,"hd":false,"mn":"ADBE Vector Graphic - Stroke","nm":"Stroke 1","lc":1,"lj":1,"ml":10,"o":{"a":0,"k":100},"w":{"a":0,"k":7},"c":{"a":0,"k":[1,1,1]}},{"ty":"fl","bm":0,"hd":false,"mn":"ADBE Vector Graphic - Fill","nm":"Fill 1","c":{"a":0,"k":[1,1,1]},"r":1,"o":{"a":0,"k":100}},{"ty":"tr","a":{"a":0,"k":[0,0],"ix":1},"s":{"a":0,"k":[100,100],"ix":3},"sk":{"a":0,"k":0,"ix":4},"p":{"a":0,"k":[40.577,26.94],"ix":2},"r":{"a":0,"k":0,"ix":6},"sa":{"a":0,"k":0,"ix":5},"o":{"a":0,"k":100,"ix":7}}]}],"ind":1},{"ty":4,"nm":"body Outlines","sr":1,"st":0,"op":150,"ip":0,"hd":false,"ddd":0,"bm":0,"hasMask":false,"ao":0,"ks":{"a":{"a":0,"k":[137.083,117.153,0]},"s":{"a":0,"k":[100,100,100]},"sk":{"a":0,"k":0},"p":{"a":0,"k":[349.96,502.581,0]},"r":{"a":0,"k":0},"sa":{"a":0,"k":0},"o":{"a":0,"k":100}},"ef":[],"shapes":[{"ty":"gr","bm":0,"hd":false,"mn":"ADBE Vector Group","nm":"Group 1","ix":1,"cix":2,"np":3,"it":[{"ty":"sh","bm":0,"hd":false,"mn":"ADBE Vector Shape - Group","nm":"Path 1","ix":1,"d":1,"ks":{"a":0,"k":{"c":true,"i":[[4.762,0],[0,0],[0,4.762],[0,0],[-4.762,0],[0,0],[0,-4.761],[0,0]],"o":[[0,0],[-4.762,0],[0,0],[0,-4.761],[0,0],[4.762,0],[0,0],[0,4.762]],"v":[[110.961,99.653],[-110.961,99.653],[-119.583,91.031],[-119.583,-91.031],[-110.961,-99.653],[110.961,-99.653],[119.583,-91.031],[119.583,91.031]]}}},{"ty":"st","bm":0,"hd":false,"mn":"ADBE Vector Graphic - Stroke","nm":"Stroke 1","lc":1,"lj":1,"ml":10,"o":{"a":0,"k":100},"w":{"a":0,"k":7},"c":{"a":0,"k":[1,1,1]}},{"ty":"fl","bm":0,"hd":false,"mn":"ADBE Vector Graphic - Fill","nm":"Fill 1","c":{"a":0,"k":[1,1,1]},"r":1,"o":{"a":0,"k":100}},{"ty":"tr","a":{"a":0,"k":[0,0],"ix":1},"s":{"a":0,"k":[100,100],"ix":3},"sk":{"a":0,"k":0,"ix":4},"p":{"a":0,"k":[137.083,117.153],"ix":2},"r":{"a":0,"k":0,"ix":6},"sa":{"a":0,"k":0,"ix":5},"o":{"a":0,"k":100,"ix":7}}]}],"ind":2},{"ty":4,"nm":"left button Outlines","sr":1,"st":0,"op":150,"ip":0,"hd":false,"ddd":0,"bm":0,"hasMask":false,"ao":0,"ks":{"a":{"a":0,"k":[27.99,27.99,0]},"s":{"a":0,"k":[100,100,100]},"sk":{"a":0,"k":0},"p":{"a":0,"k":[213.593,243.485,0]},"r":{"a":0,"k":0},"sa":{"a":0,"k":0},"o":{"a":0,"k":100}},"ef":[],"shapes":[{"ty":"gr","bm":0,"hd":false,"mn":"ADBE Vector Group","nm":"Group 1","ix":1,"cix":2,"np":3,"it":[{"ty":"sh","bm":0,"hd":false,"mn":"ADBE Vector Shape - Group","nm":"Path 1","ix":1,"d":1,"ks":{"a":0,"k":{"c":true,"i":[[0,-5.793],[-5.794,0],[0,5.793],[5.793,0]],"o":[[0,5.793],[5.793,0],[0,-5.793],[-5.794,0]],"v":[[-10.49,0],[0.001,10.49],[10.49,0],[0.001,-10.49]]}}},{"ty":"st","bm":0,"hd":false,"mn":"ADBE Vector Graphic - Stroke","nm":"Stroke 1","lc":1,"lj":1,"ml":10,"o":{"a":0,"k":100},"w":{"a":0,"k":7},"c":{"a":0,"k":[1,1,1]}},{"ty":"fl","bm":0,"hd":false,"mn":"ADBE Vector Graphic - Fill","nm":"Fill 1","c":{"a":0,"k":[1,1,1]},"r":1,"o":{"a":0,"k":100}},{"ty":"tr","a":{"a":0,"k":[0,0],"ix":1},"s":{"a":0,"k":[100,100],"ix":3},"sk":{"a":0,"k":0,"ix":4},"p":{"a":0,"k":[27.989,27.99],"ix":2},"r":{"a":0,"k":0,"ix":6},"sa":{"a":0,"k":0,"ix":5},"o":{"a":0,"k":100,"ix":7}}]}],"ind":3},{"ty":4,"nm":"left arm Outlines","sr":1,"st":0,"op":150,"ip":0,"hd":false,"ddd":0,"bm":0,"hasMask":false,"ao":0,"ks":{"a":{"a":0,"k":[114.004,123.445,0]},"s":{"a":0,"k":[100,100,100]},"sk":{"a":0,"k":0},"p":{"a":0,"k":[275.484,319.012,0]},"r":{"a":0,"k":0},"sa":{"a":0,"k":0},"o":{"a":0,"k":100}},"ef":[],"shapes":[{"ty":"gr","bm":0,"hd":false,"mn":"ADBE Vector Group","nm":"Group 1","ix":1,"cix":2,"np":3,"it":[{"ty":"sh","bm":0,"hd":false,"mn":"ADBE Vector Shape - Group","nm":"Path 1","ix":1,"d":1,"ks":{"a":0,"k":{"c":true,"i":[[0,0],[0,0],[-12.166,12.166],[-12.166,-12.166],[0,0]],"o":[[0,0],[-12.166,-12.166],[12.166,-12.166],[0,0],[0,0]],"v":[[29.37,105.945],[-84.338,-49.722],[-84.338,-93.779],[-40.281,-93.779],[96.504,101.75]]}}},{"ty":"st","bm":0,"hd":false,"mn":"ADBE Vector Graphic - Stroke","nm":"Stroke 1","lc":1,"lj":1,"ml":10,"o":{"a":0,"k":100},"w":{"a":0,"k":7},"c":{"a":0,"k":[1,1,1]}},{"ty":"fl","bm":0,"hd":false,"mn":"ADBE Vector Graphic - Fill","nm":"Fill 1","c":{"a":0,"k":[1,1,1]},"r":1,"o":{"a":0,"k":100}},{"ty":"tr","a":{"a":0,"k":[0,0],"ix":1},"s":{"a":0,"k":[100,100],"ix":3},"sk":{"a":0,"k":0,"ix":4},"p":{"a":0,"k":[114.004,123.445],"ix":2},"r":{"a":0,"k":0,"ix":6},"sa":{"a":0,"k":0,"ix":5},"o":{"a":0,"k":100,"ix":7}}]}],"ind":4},{"ty":4,"nm":"left wheel Outlines","sr":1,"st":0,"op":150,"ip":0,"hd":false,"ddd":0,"bm":0,"hasMask":false,"ao":0,"ks":{"a":{"a":0,"k":[128.691,128.691,0]},"s":{"a":0,"k":[100,100,100]},"sk":{"a":0,"k":0},"p":{"a":0,"k":[215.691,237.191,0]},"r":{"a":1,"k":[{"o":{"x":0.333,"y":0},"i":{"x":0.667,"y":1},"s":[0],"t":5},{"s":[1080],"t":149}]},"sa":{"a":0,"k":0},"o":{"a":0,"k":100}},"ef":[],"shapes":[{"ty":"gr","bm":0,"hd":false,"mn":"ADBE Vector Group","nm":"Group 1","ix":1,"cix":2,"np":12,"it":[{"ty":"sh","bm":0,"hd":false,"mn":"ADBE Vector Shape - Group","nm":"Path 1","ix":1,"d":1,"ks":{"a":0,"k":{"c":true,"i":[[0,12.745],[-12.746,0],[0,-12.746],[12.745,0]],"o":[[0,-12.746],[12.745,0],[0,12.745],[-12.746,0]],"v":[[-100.701,0],[-77.624,-23.078],[-54.546,0],[-77.624,23.077]]}}},{"ty":"sh","bm":0,"hd":false,"mn":"ADBE Vector Shape - Group","nm":"Path 2","ix":2,"d":1,"ks":{"a":0,"k":{"c":true,"i":[[0,12.746],[-12.746,0],[0,-12.745],[12.745,0]],"o":[[0,-12.745],[12.745,0],[0,12.746],[-12.746,0]],"v":[[-77.624,54.546],[-54.546,31.469],[-31.469,54.546],[-54.546,77.624]]}}},{"ty":"sh","bm":0,"hd":false,"mn":"ADBE Vector Shape - Group","nm":"Path 3","ix":3,"d":1,"ks":{"a":0,"k":{"c":true,"i":[[0,-12.745],[12.745,0],[0,12.745],[-12.746,0]],"o":[[0,12.745],[-12.746,0],[0,-12.745],[12.745,0]],"v":[[-29.371,-54.547],[-52.449,-31.469],[-75.527,-54.547],[-52.449,-77.624]]}}},{"ty":"sh","bm":0,"hd":false,"mn":"ADBE Vector Shape - Group","nm":"Path 4","ix":4,"d":1,"ks":{"a":0,"k":{"c":true,"i":[[0,12.745],[-12.746,0],[0,-12.746],[12.745,0]],"o":[[0,-12.746],[12.745,0],[0,12.745],[-12.746,0]],"v":[[-23.077,-77.624],[0.001,-100.702],[23.077,-77.624],[0.001,-54.547]]}}},{"ty":"sh","bm":0,"hd":false,"mn":"ADBE Vector Shape - Group","nm":"Path 5","ix":5,"d":1,"ks":{"a":0,"k":{"c":true,"i":[[0,12.745],[-12.746,0],[0,-12.745],[12.745,0]],"o":[[0,-12.745],[12.745,0],[0,12.745],[-12.746,0]],"v":[[-23.077,75.526],[0.001,52.448],[23.077,75.526],[0.001,98.604]]}}},{"ty":"sh","bm":0,"hd":false,"mn":"ADBE Vector Shape - Group","nm":"Path 6","ix":6,"d":1,"ks":{"a":0,"k":{"c":true,"i":[[0,12.745],[-12.746,0],[0,-12.745],[12.746,0]],"o":[[0,-12.745],[12.746,0],[0,12.745],[-12.746,0]],"v":[[31.469,-54.547],[54.547,-77.624],[77.625,-54.547],[54.547,-31.469]]}}},{"ty":"sh","bm":0,"hd":false,"mn":"ADBE Vector Shape - Group","nm":"Path 7","ix":7,"d":1,"ks":{"a":0,"k":{"c":true,"i":[[0,12.746],[-12.745,0],[0,-12.745],[12.745,0]],"o":[[0,-12.745],[12.745,0],[0,12.746],[-12.745,0]],"v":[[33.568,54.546],[56.645,31.469],[79.722,54.546],[56.645,77.624]]}}},{"ty":"sh","bm":0,"hd":false,"mn":"ADBE Vector Shape - Group","nm":"Path 8","ix":8,"d":1,"ks":{"a":0,"k":{"c":true,"i":[[12.745,0],[0,12.745],[-12.746,0],[0,-12.746]],"o":[[-12.746,0],[0,-12.746],[12.745,0],[0,12.745]],"v":[[77.625,23.077],[54.547,0],[77.625,-23.078],[100.702,0]]}}},{"ty":"sh","bm":0,"hd":false,"mn":"ADBE Vector Shape - Group","nm":"Path 9","ix":9,"d":1,"ks":{"a":0,"k":{"c":true,"i":[[0,-61.41],[-61.41,0],[0,61.409],[61.408,0]],"o":[[0,61.409],[61.408,0],[0,-61.41],[-61.41,0]],"v":[[-111.191,0],[0.001,111.191],[111.191,0],[0.001,-111.191]]}}},{"ty":"mm","bm":0,"hd":false,"mn":"ADBE Vector Filter - Merge","nm":"Merge Paths 1","mm":1},{"ty":"st","bm":0,"hd":false,"mn":"ADBE Vector Graphic - Stroke","nm":"Stroke 1","lc":1,"lj":1,"ml":10,"o":{"a":0,"k":100},"w":{"a":0,"k":7},"c":{"a":0,"k":[1,1,1]}},{"ty":"fl","bm":0,"hd":false,"mn":"ADBE Vector Graphic - Fill","nm":"Fill 1","c":{"a":0,"k":[1,1,1]},"r":1,"o":{"a":0,"k":100}},{"ty":"tr","a":{"a":0,"k":[0,0],"ix":1},"s":{"a":0,"k":[100,100],"ix":3},"sk":{"a":0,"k":0,"ix":4},"p":{"a":0,"k":[128.691,128.691],"ix":2},"r":{"a":0,"k":0,"ix":6},"sa":{"a":0,"k":0,"ix":5},"o":{"a":0,"k":100,"ix":7}}]},{"ty":"gr","bm":0,"hd":false,"mn":"ADBE Vector Group","nm":"Group 2","ix":2,"cix":2,"np":3,"it":[{"ty":"sh","bm":0,"hd":false,"mn":"ADBE Vector Shape - Group","nm":"Path 1","ix":1,"d":1,"ks":{"a":0,"k":{"c":true,"i":[[0,-39.974],[-39.974,0],[0,39.974],[39.974,0]],"o":[[0,39.974],[39.974,0],[0,-39.974],[-39.974,0]],"v":[[-72.379,0],[0,72.379],[72.379,0],[0,-72.379]]}}},{"ty":"st","bm":0,"hd":false,"mn":"ADBE Vector Graphic - Stroke","nm":"Stroke 1","lc":1,"lj":1,"ml":10,"o":{"a":0,"k":100},"w":{"a":0,"k":7},"c":{"a":0,"k":[1,1,1]}},{"ty":"fl","bm":0,"hd":false,"mn":"ADBE Vector Graphic - Fill","nm":"Fill 1","c":{"a":0,"k":[1,1,1]},"r":1,"o":{"a":0,"k":100}},{"ty":"tr","a":{"a":0,"k":[0,0],"ix":1},"s":{"a":0,"k":[100,100],"ix":3},"sk":{"a":0,"k":0,"ix":4},"p":{"a":0,"k":[128.691,128.691],"ix":2},"r":{"a":0,"k":0,"ix":6},"sa":{"a":0,"k":0,"ix":5},"o":{"a":0,"k":100,"ix":7}}]}],"ind":5},{"ty":4,"nm":"right button Outlines","sr":1,"st":0,"op":150,"ip":0,"hd":false,"ddd":0,"bm":0,"hasMask":false,"ao":0,"ks":{"a":{"a":0,"k":[27.99,27.99,0]},"s":{"a":0,"k":[100,100,100]},"sk":{"a":0,"k":0},"p":{"a":0,"k":[467.445,283.346,0]},"r":{"a":0,"k":-206.966},"sa":{"a":0,"k":0},"o":{"a":0,"k":100}},"ef":[],"shapes":[{"ty":"gr","bm":0,"hd":false,"mn":"ADBE Vector Group","nm":"Group 1","ix":1,"cix":2,"np":3,"it":[{"ty":"sh","bm":0,"hd":false,"mn":"ADBE Vector Shape - Group","nm":"Path 1","ix":1,"d":1,"ks":{"a":0,"k":{"c":true,"i":[[0,-5.793],[5.793,0],[0,5.793],[-5.794,0]],"o":[[0,5.793],[-5.794,0],[0,-5.793],[5.793,0]],"v":[[10.49,0],[0,10.49],[-10.49,0],[0,-10.49]]}}},{"ty":"st","bm":0,"hd":false,"mn":"ADBE Vector Graphic - Stroke","nm":"Stroke 1","lc":1,"lj":1,"ml":10,"o":{"a":0,"k":100},"w":{"a":0,"k":7},"c":{"a":0,"k":[1,1,1]}},{"ty":"fl","bm":0,"hd":false,"mn":"ADBE Vector Graphic - Fill","nm":"Fill 1","c":{"a":0,"k":[1,1,1]},"r":1,"o":{"a":0,"k":100}},{"ty":"tr","a":{"a":0,"k":[0,0],"ix":1},"s":{"a":0,"k":[100,100],"ix":3},"sk":{"a":0,"k":0,"ix":4},"p":{"a":0,"k":[27.99,27.99],"ix":2},"r":{"a":0,"k":0,"ix":6},"sa":{"a":0,"k":0,"ix":5},"o":{"a":0,"k":100,"ix":7}}]}],"ind":6},{"ty":4,"nm":"right arm Outlines","sr":1,"st":0,"op":150,"ip":0,"hd":false,"ddd":0,"bm":0,"hasMask":false,"ao":0,"ks":{"a":{"a":0,"k":[96.697,92.5,0]},"s":{"a":0,"k":[100,100,100]},"sk":{"a":0,"k":0},"p":{"a":0,"k":[422.863,327.929,0]},"r":{"a":0,"k":0},"sa":{"a":0,"k":0},"o":{"a":0,"k":100}},"ef":[],"shapes":[{"ty":"gr","bm":0,"hd":false,"mn":"ADBE Vector Group","nm":"Group 1","ix":1,"cix":2,"np":3,"it":[{"ty":"sh","bm":0,"hd":false,"mn":"ADBE Vector Shape - Group","nm":"Path 1","ix":1,"d":1,"ks":{"a":0,"k":{"c":true,"i":[[0,0],[0,0],[12.167,12.166],[12.165,-12.166],[0,0]],"o":[[0,0],[12.167,-12.166],[-12.166,-12.166],[0,0],[0,0]],"v":[[-7.866,75],[67.03,-18.777],[67.03,-62.834],[22.974,-62.834],[-79.197,75]]}}},{"ty":"st","bm":0,"hd":false,"mn":"ADBE Vector Graphic - Stroke","nm":"Stroke 1","lc":1,"lj":1,"ml":10,"o":{"a":0,"k":100},"w":{"a":0,"k":7},"c":{"a":0,"k":[1,1,1]}},{"ty":"fl","bm":0,"hd":false,"mn":"ADBE Vector Graphic - Fill","nm":"Fill 1","c":{"a":0,"k":[1,1,1]},"r":1,"o":{"a":0,"k":100}},{"ty":"tr","a":{"a":0,"k":[0,0],"ix":1},"s":{"a":0,"k":[100,100],"ix":3},"sk":{"a":0,"k":0,"ix":4},"p":{"a":0,"k":[96.696,92.5],"ix":2},"r":{"a":0,"k":0,"ix":6},"sa":{"a":0,"k":0,"ix":5},"o":{"a":0,"k":100,"ix":7}}]}],"ind":7},{"ty":4,"nm":"right wheel Outlines","sr":1,"st":0,"op":150,"ip":0,"hd":false,"ddd":0,"bm":0,"hasMask":false,"ao":0,"ks":{"a":{"a":0,"k":[128.691,128.691,0]},"s":{"a":0,"k":[100,100,100]},"sk":{"a":0,"k":0},"p":{"a":0,"k":[465.347,277.052,0]},"r":{"a":1,"k":[{"o":{"x":0.333,"y":0},"i":{"x":0.667,"y":1},"s":[0],"t":5},{"s":[1080],"t":149}]},"sa":{"a":0,"k":0},"o":{"a":0,"k":100}},"ef":[],"shapes":[{"ty":"gr","bm":0,"hd":false,"mn":"ADBE Vector Group","nm":"Group 1","ix":1,"cix":2,"np":12,"it":[{"ty":"sh","bm":0,"hd":false,"mn":"ADBE Vector Shape - Group","nm":"Path 1","ix":1,"d":1,"ks":{"a":0,"k":{"c":true,"i":[[12.746,0],[0,12.745],[-12.745,0],[0,-12.746]],"o":[[-12.745,0],[0,-12.746],[12.746,0],[0,12.745]],"v":[[77.624,23.077],[54.547,0],[77.624,-23.077],[100.702,0]]}}},{"ty":"sh","bm":0,"hd":false,"mn":"ADBE Vector Shape - Group","nm":"Path 2","ix":2,"d":1,"ks":{"a":0,"k":{"c":true,"i":[[12.745,0],[0,12.746],[-12.745,0],[0,-12.745]],"o":[[-12.745,0],[0,-12.745],[12.745,0],[0,12.746]],"v":[[54.547,77.625],[31.47,54.547],[54.547,31.47],[77.624,54.547]]}}},{"ty":"sh","bm":0,"hd":false,"mn":"ADBE Vector Shape - Group","nm":"Path 3","ix":3,"d":1,"ks":{"a":0,"k":{"c":true,"i":[[-12.746,0],[0,-12.745],[12.745,0],[0,12.746]],"o":[[12.745,0],[0,12.746],[-12.746,0],[0,-12.745]],"v":[[52.449,-77.624],[75.526,-54.546],[52.449,-31.468],[29.371,-54.546]]}}},{"ty":"sh","bm":0,"hd":false,"mn":"ADBE Vector Shape - Group","nm":"Path 4","ix":4,"d":1,"ks":{"a":0,"k":{"c":true,"i":[[12.746,0],[0,12.745],[-12.745,0],[0,-12.746]],"o":[[-12.745,0],[0,-12.746],[12.746,0],[0,12.745]],"v":[[0,-54.546],[-23.077,-77.624],[0,-100.702],[23.077,-77.624]]}}},{"ty":"sh","bm":0,"hd":false,"mn":"ADBE Vector Shape - Group","nm":"Path 5","ix":5,"d":1,"ks":{"a":0,"k":{"c":true,"i":[[12.746,0],[0,12.745],[-12.745,0],[0,-12.745]],"o":[[-12.745,0],[0,-12.745],[12.746,0],[0,12.745]],"v":[[0,98.603],[-23.077,75.526],[0,52.449],[23.077,75.526]]}}},{"ty":"sh","bm":0,"hd":false,"mn":"ADBE Vector Shape - Group","nm":"Path 6","ix":6,"d":1,"ks":{"a":0,"k":{"c":true,"i":[[12.745,0],[0,12.746],[-12.746,0],[0,-12.745]],"o":[[-12.746,0],[0,-12.745],[12.745,0],[0,12.746]],"v":[[-54.546,-31.468],[-77.624,-54.546],[-54.546,-77.624],[-31.469,-54.546]]}}},{"ty":"sh","bm":0,"hd":false,"mn":"ADBE Vector Shape - Group","nm":"Path 7","ix":7,"d":1,"ks":{"a":0,"k":{"c":true,"i":[[12.746,0],[0,12.746],[-12.745,0],[0,-12.745]],"o":[[-12.745,0],[0,-12.745],[12.746,0],[0,12.746]],"v":[[-56.645,77.625],[-79.722,54.547],[-56.645,31.47],[-33.567,54.547]]}}},{"ty":"sh","bm":0,"hd":false,"mn":"ADBE Vector Shape - Group","nm":"Path 8","ix":8,"d":1,"ks":{"a":0,"k":{"c":true,"i":[[0,12.745],[-12.745,0],[0,-12.746],[12.746,0]],"o":[[0,-12.746],[12.746,0],[0,12.745],[-12.745,0]],"v":[[-100.701,0],[-77.624,-23.077],[-54.546,0],[-77.624,23.077]]}}},{"ty":"sh","bm":0,"hd":false,"mn":"ADBE Vector Shape - Group","nm":"Path 9","ix":9,"d":1,"ks":{"a":0,"k":{"c":true,"i":[[61.409,0],[0,-61.409],[-61.409,0],[0,61.409]],"o":[[-61.409,0],[0,61.409],[61.409,0],[0,-61.409]],"v":[[0,-111.191],[-111.191,0],[0,111.191],[111.191,0]]}}},{"ty":"mm","bm":0,"hd":false,"mn":"ADBE Vector Filter - Merge","nm":"Merge Paths 1","mm":1},{"ty":"st","bm":0,"hd":false,"mn":"ADBE Vector Graphic - Stroke","nm":"Stroke 1","lc":1,"lj":1,"ml":10,"o":{"a":0,"k":100},"w":{"a":0,"k":7},"c":{"a":0,"k":[1,1,1]}},{"ty":"fl","bm":0,"hd":false,"mn":"ADBE Vector Graphic - Fill","nm":"Fill 1","c":{"a":0,"k":[1,1,1]},"r":1,"o":{"a":0,"k":100}},{"ty":"tr","a":{"a":0,"k":[0,0],"ix":1},"s":{"a":0,"k":[100,100],"ix":3},"sk":{"a":0,"k":0,"ix":4},"p":{"a":0,"k":[128.691,128.692],"ix":2},"r":{"a":0,"k":0,"ix":6},"sa":{"a":0,"k":0,"ix":5},"o":{"a":0,"k":100,"ix":7}}]},{"ty":"gr","bm":0,"hd":false,"mn":"ADBE Vector Group","nm":"Group 2","ix":2,"cix":2,"np":3,"it":[{"ty":"sh","bm":0,"hd":false,"mn":"ADBE Vector Shape - Group","nm":"Path 1","ix":1,"d":1,"ks":{"a":0,"k":{"c":true,"i":[[39.975,0],[0,-39.974],[-39.974,0],[0,39.975]],"o":[[-39.974,0],[0,39.975],[39.975,0],[0,-39.974]],"v":[[0,-72.379],[-72.379,0],[0,72.379],[72.379,0]]}}},{"ty":"st","bm":0,"hd":false,"mn":"ADBE Vector Graphic - Stroke","nm":"Stroke 1","lc":1,"lj":1,"ml":10,"o":{"a":0,"k":100},"w":{"a":0,"k":7},"c":{"a":0,"k":[1,1,1]}},{"ty":"fl","bm":0,"hd":false,"mn":"ADBE Vector Graphic - Fill","nm":"Fill 1","c":{"a":0,"k":[1,1,1]},"r":1,"o":{"a":0,"k":100}},{"ty":"tr","a":{"a":0,"k":[0,0],"ix":1},"s":{"a":0,"k":[100,100],"ix":3},"sk":{"a":0,"k":0,"ix":4},"p":{"a":0,"k":[128.691,128.692],"ix":2},"r":{"a":0,"k":0,"ix":6},"sa":{"a":0,"k":0,"ix":5},"o":{"a":0,"k":100,"ix":7}}]}],"ind":8},{"ty":4,"nm":"camera head Outlines","sr":1,"st":0,"op":150,"ip":0,"hd":false,"ddd":0,"bm":0,"hasMask":false,"ao":0,"ks":{"a":{"a":0,"k":[77.292,110.924,0]},"s":{"a":0,"k":[100,100,100]},"sk":{"a":0,"k":0},"p":{"a":0,"k":[549.265,504.577,0]},"r":{"a":0,"k":0},"sa":{"a":0,"k":0},"o":{"a":0,"k":100}},"ef":[],"shapes":[{"ty":"gr","bm":0,"hd":false,"mn":"ADBE Vector Group","nm":"Group 1","ix":1,"cix":2,"np":3,"it":[{"ty":"sh","bm":0,"hd":false,"mn":"ADBE Vector Shape - Group","nm":"Path 1","ix":1,"d":1,"ks":{"a":0,"k":{"c":true,"i":[[-4.3,-1.793],[0,0],[0,7.839],[0,0],[8.546,-3.441],[0,0],[0,-3.993],[0,0]],"o":[[0,0],[8.556,3.567],[0,0],[0,-7.774],[0,0],[-4.389,1.766],[0,0],[0,3.941]],"v":[[-52.785,50.716],[41.08,89.856],[59.791,80.516],[59.791,-80.577],[41.242,-89.983],[-52.624,-52.186],[-59.791,-42.78],[-59.791,41.376]]}}},{"ty":"st","bm":0,"hd":false,"mn":"ADBE Vector Graphic - Stroke","nm":"Stroke 1","lc":1,"lj":1,"ml":10,"o":{"a":0,"k":100},"w":{"a":0,"k":7},"c":{"a":0,"k":[1,1,1]}},{"ty":"fl","bm":0,"hd":false,"mn":"ADBE Vector Graphic - Fill","nm":"Fill 1","c":{"a":0,"k":[1,1,1]},"r":1,"o":{"a":0,"k":100}},{"ty":"tr","a":{"a":0,"k":[0,0],"ix":1},"s":{"a":0,"k":[100,100],"ix":3},"sk":{"a":0,"k":0,"ix":4},"p":{"a":0,"k":[77.291,110.924],"ix":2},"r":{"a":0,"k":0,"ix":6},"sa":{"a":0,"k":0,"ix":5},"o":{"a":0,"k":100,"ix":7}}]}],"ind":9},{"ty":4,"nm":"camera Neck Outlines","sr":1,"st":0,"op":150,"ip":0,"hd":false,"ddd":0,"bm":0,"hasMask":false,"ao":0,"ks":{"a":{"a":0,"k":[14.391,41.664,0]},"s":{"a":0,"k":[100,100,100]},"sk":{"a":0,"k":0},"p":{"a":0,"k":[480.033,503.631,0]},"r":{"a":0,"k":0},"sa":{"a":0,"k":0},"o":{"a":0,"k":100}},"ef":[],"shapes":[{"ty":"gr","bm":0,"hd":false,"mn":"ADBE Vector Group","nm":"Group 1","ix":1,"cix":2,"np":3,"it":[{"ty":"sh","bm":0,"hd":false,"mn":"ADBE Vector Shape - Group","nm":"Path 1","ix":1,"d":1,"ks":{"a":0,"k":{"c":true,"i":[[0,0],[0,0],[0,0],[0,0]],"o":[[0,0],[0,0],[0,0],[0,0]],"v":[[9.441,36.714],[-9.441,36.714],[-9.441,-36.714],[9.441,-36.714]]}}},{"ty":"st","bm":0,"hd":false,"mn":"ADBE Vector Graphic - Stroke","nm":"Stroke 1","lc":1,"lj":1,"ml":10,"o":{"a":0,"k":100},"w":{"a":0,"k":7},"c":{"a":0,"k":[1,1,1]}},{"ty":"fl","bm":0,"hd":false,"mn":"ADBE Vector Graphic - Fill","nm":"Fill 1","c":{"a":0,"k":[1,1,1]},"r":1,"o":{"a":0,"k":100}},{"ty":"tr","a":{"a":0,"k":[0,0],"ix":1},"s":{"a":0,"k":[100,100],"ix":3},"sk":{"a":0,"k":0,"ix":4},"p":{"a":0,"k":[14.391,41.664],"ix":2},"r":{"a":0,"k":0,"ix":6},"sa":{"a":0,"k":0,"ix":5},"o":{"a":0,"k":100,"ix":7}}]}],"ind":10}],"v":"4.6.10","fr":30,"op":150,"ip":0,"assets":[]}